cycle1,nll,acf,avg_rank,norm_prod
12,35.71395307953624,-0.025930548700048208,1.0,
