cycle1,nll,acf,avg_rank,norm_prod
52,2177.4183105056136,-6.2727144643410484e-86,1.0,
