cycle1,nll,acf,avg_rank,norm_prod
12,539.4955511534457,-4.0046665799169136e-05,1.0,
