cycle1,nll,acf,avg_rank,norm_prod
12,155.38869939717077,-4.589072731958445e-06,1.0,
