cycle1,nll,acf,avg_rank,norm_prod
12,221.6367101842771,-9.829364309030323e-18,1.0,
