cycle1,nll,acf,avg_rank,norm_prod
12,-45.870344647758216,-0.28060635741918694,1.0,
