cycle1,nll,acf,avg_rank,norm_prod
12,261.4536196777949,-0.5921069648247076,1.0,
