cycle1,nll,acf,avg_rank,norm_prod
12,-598.7238734025922,-3.5149619626039834e-05,1.0,
