cycle1,nll,acf,avg_rank,norm_prod
12,195.01409703473857,-3.4467294109603636e-05,1.0,
