cycle1,nll,acf,avg_rank,norm_prod
12,79.72517795631767,-9.43072605024149e-11,1.0,
