cycle1,nll,acf,avg_rank,norm_prod
52,1409.5473376273915,-4.354303660616283e-91,1.0,
