cycle1,nll,acf,avg_rank,norm_prod
12,220.22921747683762,-5.483958076569877e-20,1.0,
