cycle1,nll,acf,avg_rank,norm_prod
12,3834.213917639605,-5.483958076569877e-20,1.0,
