cycle1,nll,acf,avg_rank,norm_prod
12,185.04765907694622,-2.3357221303875107e-05,1.0,
