cycle1,nll,acf,avg_rank,norm_prod
12,-12.219529718678281,-0.12987309258921823,1.0,
