cycle1,cycle2,nll,acf,avg_rank,norm_prod
12,17,1406.4248411002445,0.01925221712643002,2.0,0.0
12,16,1804.2493298257868,9.62901415746703e-06,2.5,0.00044121873414948383
12,18,1704.7496493978342,1.1350761042144288e-06,1.5,0.0
