cycle1,nll,acf,avg_rank,norm_prod
12,1907.4844247468864,4.0046665799169136e-05,1.0,
