cycle1,nll,acf,avg_rank,norm_prod
12,278.4586534283223,-1.3298333609699654e-08,1.0,
