cycle1,nll,acf,avg_rank,norm_prod
12,232.48573901148708,-5.830369526031373e-07,1.0,
